id;area;perimeter;name
1;26828.66762;1121.809854;ЯП
2;27521.07651;1092.689656;ОЕП
3;41849.50948;1491.40482 ;ЦКП
4;8747.74319;862.8417142 ;ЗСЗП
